InitialSeperation,OvertakingSpeed,OncomingSpeed,Success
217.54371245277287,27.73992713482116,32.87346801900932,False
201.67414419430966,26.213464290934365,26.2792161932584,False
211.85125241607952,19.045727930518673,24.748994394088626,True
226.3381428952972,23.033059390277163,27.234523651764974,True
203.84444665342778,22.15513613454771,27.46121314515416,True
156.21679841364585,23.3311818583548,21.03061049107025,False
174.2174359756603,25.840900555178944,22.194305159242035,False
259.66432934611305,25.457005799495153,23.906769035340645,True
219.9125232547114,31.22843922219632,24.86446810228027,False
201.85929842379844,27.57872068024181,19.347115638827493,False
246.72914803341456,32.3038335718698,21.407991942208255,False
208.329456918095,26.30920086629186,30.59692140742993,False
225.6009712096308,20.14865746775114,32.917456987275486,True
153.06619108331677,21.216040457233806,31.14788121178182,False
163.47744086919232,31.106398579248413,30.118782034199118,False
183.5158098877947,24.388169590564523,22.028408946016995,False
207.84685841195605,29.2431665469162,18.17163099961897,False
238.8654417446188,20.65920553945899,25.05584715914719,True
270.60402236441337,21.36401553981193,29.01878846111651,True
167.30494282548545,25.81536320122674,24.196632101757746,False
182.60756498324105,21.314406135265905,19.938201869809163,True
180.73882299509776,19.41439135717898,21.8907477044923,True
202.96199734460657,19.00683996500766,20.308045754818266,True
252.10827988204932,28.938160818041375,30.734904094941403,False
183.54447467417663,24.8194325276741,30.822751203935013,False
213.4521525136438,27.770234965146628,19.221441978691818,True
265.1810612181113,23.03684001976477,24.204411681371,True
198.34765569229967,20.09008813700177,31.77742023383147,True
163.23849989252096,30.111875248193684,27.377520358831397,False
161.63005701342135,30.21321727717911,30.083734712602446,False
227.52445149585813,18.579908998021814,22.44034982912259,True
274.31123397048157,26.861058840463432,29.570423078523213,True
277.89882801375296,18.88530992664644,27.067028017745834,True
199.8085078503045,21.564479783440234,22.81571108094217,True
174.36921831889507,26.56778752457713,31.455165120984972,False
147.70327093438397,21.428824792350095,28.15349641915108,False
219.74382976058115,18.282336389777406,20.183352770369197,True
272.08875052262505,19.18696976741169,20.815430160991582,True
179.72157361904232,31.77939209052333,28.45357105343303,False
163.17189315481664,31.948862123744966,25.88073138700832,False
249.99986428301776,21.128280373349916,28.497042257570214,True
190.05560351072606,19.596078056188336,25.482174126190216,True
182.6901133929799,30.041442395207213,27.25476122612821,False
205.81247172589065,22.4305869026252,20.971693255459748,True
276.7151846814505,21.651233116933717,24.978788376775938,True
205.13867681153988,32.16945473252305,31.252684428939915,False
210.2448492172383,21.071016894220847,21.01451041270723,True
145.08100454932125,21.738310438924614,30.354783975684448,False
199.50373155973094,21.788349793194026,23.808817716692023,True
223.06776897193294,24.496516362063826,25.488903292682444,True
203.70133818299573,22.03300959804701,20.757648114467806,True
208.55598216343483,23.20537913786498,27.43450662048278,True
160.60583613841135,28.54040315586161,25.088689271867594,False
247.40138497548242,29.010342932311048,18.57657439754185,True
261.5291573673157,26.232495946917915,21.74311977938894,True
278.4789472531895,23.585416171506708,25.503060613527456,True
240.3862046452175,22.46650471979124,20.49151077936008,True
201.41703032954456,20.367447506341826,23.53443059815766,True
144.46772601663494,28.4735072564676,25.93211278874991,False
232.06635193529834,24.644781563265614,22.760111507382295,True
272.70979499104885,30.55422223245456,26.346539108709685,True
217.543838078875,21.010692812041704,19.93722530824003,True
198.0998872491065,25.605010945166,26.0495890174292,False
159.95652403680447,31.275102338881744,24.301073772507287,False
216.0089047234547,24.258692076084525,26.427106192534374,True
214.0919718584474,20.7026551252709,21.357909288424025,True
172.1046866998564,22.68377133350995,18.050233772513565,True
267.46652115484073,28.844058078175436,24.622086289162787,True
220.3710305599361,24.908133326521206,29.213056515535833,False
257.44822773032274,24.93745418076285,31.48562595596799,True
205.4460379227279,21.36571359465165,31.365396558477265,False
177.43216568484536,25.31607717336904,26.876541137637822,False
160.81792592109085,19.13969384280019,26.12261644663411,False
209.1061870051111,19.6750338099315,32.65839745693766,True
158.97913633798208,19.946963221741356,25.219930143197967,False
234.22601926802938,31.9782084729421,23.976368126448413,False
239.72276739763225,19.6328293558363,24.156326861193556,True
238.8235834142303,26.83613345624699,28.856692882187986,False
217.06715299611312,22.54680809497219,20.27645605908542,True
220.07985565815113,22.909858189015583,29.090407157824565,True
244.88136109191987,21.959098464790312,27.72727199072357,True
221.77411446430446,31.558409974704688,23.369968046606502,False
240.5179819280831,28.561618737672276,22.488942899968915,True
181.84478871610239,20.875239279994386,31.408957448978423,False
199.60277662594,23.440088072996627,23.84642693905459,True
260.6425271279377,25.63441025402137,24.526183591469277,True
215.37945562758458,28.580536078466352,19.002074189485086,True
272.17150083378493,20.134847388199926,23.01079400303345,True
179.95340827850316,25.59186423038685,30.592931684382695,False
277.56432886121996,18.242251746934954,20.472444806467948,True
148.99112408468088,29.222200466423388,22.18232598071095,False
260.000857226551,28.174769277300115,26.16926255504101,True
229.29508230150446,20.973342904808625,24.40365771316162,True
189.32927947925836,22.394490921122248,20.213799928880203,True
272.1361559592822,31.654520285154938,29.054532661128107,False
274.13008399965713,30.377467955172747,23.08015733215965,True
233.62977405713394,24.250947504886867,28.95292544968097,True
264.40764715168984,29.02622045019,32.47402779454087,False
231.47762479795034,28.431775220405207,24.06492744575484,False
164.29727061851753,31.208458385527347,18.14121947118138,False
274.70804790719785,24.745563792877626,27.722791039255817,True
184.45238585791196,22.48683920990994,25.912764464464395,False
166.38403178489955,27.09005750626794,30.662067842978082,False
183.72956162492258,27.11077600629571,21.843532101643987,False
259.2957888447194,18.390683161276712,23.643847117034646,True
267.9432302936647,26.976812818542502,23.40144735965945,True
149.41211403785837,19.325565688929316,30.83223059858765,False
193.17370692881462,24.125249739794643,21.950632155849892,True
190.09630643301472,24.32326010443422,22.87698455335432,False
268.9771958948007,24.514167867840346,27.287091951950963,True
140.43023765107162,19.212467209534935,30.867074093253855,False
243.23667902650158,25.89025165740878,21.15515828000156,True
226.02393512894582,28.080519805234168,32.778314879992195,False
166.0619281539982,20.823529461316546,26.362046013754814,False
228.85904863889283,32.94556349233983,24.55317994139771,False
152.6097383222588,29.255692651614403,32.49691144493265,False
218.69991394630628,22.708954468233955,26.96862274919107,True
257.9291563285185,19.989652059036146,24.160971951280242,True
202.02780520637884,23.09489465974965,29.97498717437265,False
197.0404353910314,28.88416221592769,31.421262983894565,False
240.38657402637722,22.381999440669084,31.876175481768406,True
141.60724366158584,32.80880433917456,24.55978011040007,False
189.18717067185193,18.51207424165312,23.549494987609563,True
184.4807594942305,21.92576197345078,23.26095200807832,True
210.13116144115625,25.975134108203992,23.823640399996023,False
187.1192384916913,23.450824711216065,19.716474344356207,True
189.81114117885528,19.602614662424948,31.993223807305668,False
213.16270423734687,27.00508331554247,20.429156900583372,True
178.64408884134335,18.280393918641096,18.1242051367295,True
266.5231101338394,19.829375660433143,31.660113151958264,True
242.2703030064098,22.987141361919765,24.54378310150643,True
216.9891780414568,20.86648929951083,21.20263944948215,True
249.02001641179436,28.664238629706315,19.312105819262612,True
154.44394017310998,21.598230103309373,31.65557692882399,False
187.04586554646767,28.42417479000249,30.887956501398214,False
162.1030330295223,29.7321396487449,31.334847909088644,False
157.0641404749193,19.72823286230128,22.228240586457886,False
158.4624780986749,31.710723125241103,30.1657511811544,False
164.22305766689735,32.744436512582205,22.285450630954212,False
173.33360412778967,26.72315564831866,29.965319962224605,False
212.90447088559367,21.56872495895658,23.214293375711094,True
263.8798064942843,19.71516673253624,26.571782332645626,True
183.7492521962846,26.07146767763024,29.654149790599078,False
152.65027017921688,31.337576756411035,32.82618007335168,False
238.8081490056627,29.28966493126455,19.125711054134047,True
147.4285028536937,18.59182920287914,30.547508083538855,False
275.6509798931195,30.354129865930474,22.911288015968765,True
164.90721194302068,30.409693837356613,27.561952082236274,False
202.1442886358799,19.70880782264695,25.180960328402445,True
221.20047543253773,32.65870802740506,26.077961557115408,False
157.1042278488652,22.92839388080332,25.63187496579805,False
217.37467552412983,19.521175839715255,19.312293839320677,True
164.05389974082536,21.191206184304882,32.019381044907206,False
276.11124720243333,29.807493398342046,22.164004844689742,True
165.58475438765473,24.086339338722798,30.785384414151956,False
234.77486204112643,22.196639847567603,32.6833512697757,True
236.93927298157442,19.234645362121352,31.883609775865267,True
223.5773300861834,20.42417592668169,21.921456217729233,True
215.27245797928072,31.395522291956247,27.54023204256791,False
173.8506081485425,25.199738843925175,18.447713113598393,False
179.80614691032383,22.634078549982085,20.928563893273736,True
177.9234675960259,22.58036276725138,24.92341403892423,False
256.20367588298564,21.10473621501808,18.346767360040346,True
165.24725409468974,19.75376483786561,20.737211784225522,True
268.3809506839052,31.786906899785116,32.26364927518351,False
165.11511740512918,28.605858303888635,24.18477502660117,False
235.8907204102216,27.485893421566995,31.363392801658897,False
173.25405275135023,21.742170095789326,30.643078292088155,False
220.69012040304492,22.65923506517859,24.994429811367034,True
168.43007340488492,18.473304237459462,22.738672415138534,True
237.21965564285387,24.787340183177655,24.78901119939471,True
161.91149364314577,21.258111736857384,26.323211992775654,False
195.3801564571355,32.50509594031847,31.39586166124598,False
270.36825887410356,26.631619405295524,29.530007553067993,True
225.8100223009521,22.575317650835643,22.727309991012937,True
218.18082532760724,32.92671310199737,19.824733490042732,False
199.53204926081563,21.99721705540885,24.425970618811423,True
278.2109582881494,32.43437787910662,20.24365533899686,True
187.34666828408217,22.895977436050764,18.655581336773736,True
164.37671638297695,22.643185299189383,22.796472699286635,False
153.14231639408615,23.35657523915012,26.32552671121691,False
266.577987031349,19.45280121893287,18.95161202407983,True
252.69247339698137,22.556155886760052,24.768536871191365,True
199.11767120432,30.88156628510056,21.56658392053404,False
211.09294008048855,27.16086217349435,20.54857856898968,True
266.56968527779435,18.72584591606904,19.751829603105705,True
154.60933609614582,29.935163509070485,18.703598745494894,False
214.58282700487544,29.1166256252288,26.668441357402337,False
230.5332435809696,27.77177115845111,30.390532939411017,False
193.94506130085563,21.487415336299414,27.724945614451983,False
166.83781784346226,25.757374680488077,28.971578474143325,False
175.16086818425026,29.56393732948412,29.827124709648604,False
184.86407791490856,30.575081227149386,32.14585943759692,False
232.0465073138692,22.804578062521564,18.358077900185286,True
235.20151501298022,19.348957492201105,23.557096409870823,True
276.65506108508214,29.248242585569734,27.811219677706816,True
249.35018840681306,28.870310911382695,22.74535535543475,True
260.1760558971092,21.57758323362916,23.437278431112542,True
265.943377290826,29.81055025049045,30.08287113908812,False
175.3670893960479,30.943687021240446,24.46127636845283,False
153.21184023898647,21.365816175176676,28.704455622799905,False
204.07098493728367,23.871840164005683,21.788550064800564,True
185.89114933549016,23.010339166042552,32.08786261178919,False
275.38827302650935,31.49538397905202,31.962628338002894,False
225.65487758519822,23.13124823809194,30.809290740550164,True
236.86679200123382,31.930162537810467,28.829003313942348,False
263.6685768625087,32.27596029326132,32.436772518994644,False
275.35969866223616,24.81946717287389,32.00971387466868,True
151.97528269699555,22.492056141370934,28.957035194596756,False
189.07798685556185,21.419506630589957,25.48099130693869,True
276.91687057582516,30.459303186023284,22.77772099188423,True
200.40237248893936,32.06014787687927,26.160294819697874,False
277.90471959761567,27.78807888449546,32.78621526378496,True
152.56979939181815,24.0122173866314,19.264099726110743,False
262.38234954997074,32.103043998639585,21.642526743301435,True
154.90221767448924,18.441157724913747,31.49729221011386,False
166.9050519945589,30.284087274355855,29.67521755056233,False
158.76006247418005,20.483050323782045,26.300523780426253,False
195.82837180971558,22.852783058235786,29.708973514246274,False
243.4853232016253,28.320941377580603,27.032160012997764,False
252.17983910449772,28.93057518868268,20.001516663935742,True
262.9819512008605,28.629148190202727,19.215291785176515,True
184.394866965895,24.23027933120275,29.77288577741612,False
268.4191168977037,31.431700122743706,26.789824621654034,False
243.26631335693708,22.975809950835917,23.287434281915164,True
163.73284525411802,25.483283247558067,24.482226830666058,False
218.72147352375157,20.94291090357253,23.69769285418917,True
205.0077069387807,24.960398271661436,27.558124185799677,False
276.8408016566377,22.54254230695895,20.493251442207608,True
190.82901901138433,23.586955459130444,24.436430696135588,False
210.5046947163086,19.31628258447921,26.59971847552793,True
181.03005115922076,30.67951421564422,30.509032570528348,False
253.9416387928378,32.88370802248069,19.681124498919175,True
253.65363668354863,22.21217080867485,23.714645309240858,True
252.83893393950487,31.537249517877235,23.612357375497165,False
190.74538925231684,29.74461546900897,19.057317029245812,False
182.3608954913732,26.702342446754848,31.38408975321059,False
218.9782581659864,21.32065230157257,22.32624891601794,True
215.13685141463617,23.010198440873157,20.27763360472286,True
215.9002058747691,25.490580029548415,21.239915595967283,True
244.57516621080003,31.709766016672255,31.835397508850043,False
260.923695229424,20.375576730061127,31.214225295565196,True
164.28160210339428,21.8844498777224,27.23174650372553,False
143.12931452092218,21.612144921725683,19.429882015301793,False
158.70224852054486,21.287992544140664,19.467564963487707,False
208.10950315003726,23.95710719747334,32.33162395345589,False
278.930206382149,32.03573883885319,26.561249870602623,True
273.96833631860477,21.822744234382522,27.402100052406126,True
211.33821555941284,20.961414457746507,26.2358914978038,True
181.97335513400537,31.167680161151885,21.580144540676915,False
211.42406688603762,29.22403570507841,27.656342468064437,False
192.26418372814737,23.647140981465178,25.965171915928448,False
166.02174188290803,28.984680569257904,23.248645257786215,False
264.1321118847151,31.74948926677438,32.57105150891982,False
164.86130808706457,32.272992226422296,18.980100129256073,False
271.9039468336403,22.996548378838483,24.00950422045286,True
261.350175766903,29.901441226667465,21.536004628304394,True
159.14609023330087,21.838519437163377,19.818378372964624,False
273.79601746508666,23.779454422080633,23.19553439700768,True
163.59609012659456,27.907845384398403,20.847404250804058,False
259.8193762729966,26.24713202810247,19.651650800673128,True
160.3349277192424,22.57544241546441,19.398988674114918,False
240.19295480111285,32.53680525977947,26.03680273147151,False
202.82032148112557,29.164981076105022,19.040944923200154,False
220.24734993476764,32.363104439975274,28.401613130421197,False
197.56087721211878,30.039669364243593,21.78902880418535,False
188.13479149161594,29.436320248263108,20.99951066169865,False
265.9251407095814,20.83578846968514,23.591910337373573,True
141.40492324782764,22.73484826261869,25.17208269153353,False
173.3110180931683,32.61830892349515,32.10555005497558,False
214.2153799786304,21.998695672023434,29.63354283973274,True
189.60085162408689,24.223315366647817,21.869308975464342,False
185.29726885505823,27.73273227677342,20.543230600442378,False
221.60222373046085,27.622083422551903,22.98939830110846,False
240.58421478633966,26.87105575477288,24.717102886977187,True
232.93020167058808,23.81487885248609,18.307631709290497,True
200.37440689298063,22.00457870634486,21.503885580461418,True
142.9396102404872,32.8780148033416,24.86334410303428,False
211.3909261726732,25.403587972467573,21.842600040995794,True
276.83086800241415,29.278583147227103,20.47615066937923,True
266.4766966674834,23.707424802569406,27.4413173428929,True
186.42719500066116,29.38004706305454,25.81593318461251,False
235.34354917488224,19.25886420777946,30.84257302891583,True
196.54150431814674,21.634742539671596,28.43344724245064,False
221.07900992086113,24.622800147916564,26.300428527081586,True
259.9145687836756,25.929021996878564,30.154886984338468,True
256.6823670718271,31.95471404025085,21.7807276955716,True
231.4835847036371,31.39409914957085,31.63041337282882,False
190.46638639199844,20.199058976117083,19.254885562814252,True
222.60904490137892,23.800581532903287,29.12319353787377,True
171.06927128092818,30.10305463620604,27.04165274186137,False
264.88886305358676,20.123703403456,26.086051763075428,True
186.85629849641413,27.801078273356463,28.651054901839725,False
153.214819083556,25.362233450339282,28.950569736748268,False
197.7548873972869,29.503328395310476,31.108605136214106,False
185.91429628707203,24.394203995072377,26.956749133745557,False
262.40479822382554,18.098651864146184,19.69776286310412,True
203.1353384177831,22.979349195481905,22.71114200526436,True
164.55602238166892,19.508920875614937,20.548609183891028,True
202.81542910394046,21.5082035737616,27.19887650022231,True
261.6487694539357,24.780667343074768,25.852453632677186,True
254.679123468082,26.45983076303258,32.48967991605852,True
234.23747086629152,29.347776365628363,31.75035770179255,False
279.7012552617589,18.602985928115896,23.65068174183866,True
209.43203295088932,24.428864882992983,21.466942125683158,True
263.4972730574651,20.260600732295124,20.307373917339078,True
248.64097266860352,26.174289098556287,19.94228165640602,True
186.09357594796157,31.622477540570536,29.779587297597708,False
265.2219548938898,20.13831390586603,22.374289004772105,True
173.60516421199085,23.71799376780074,30.19280871897601,False
173.20359773617406,31.251850066358152,32.025959022820906,False
220.08462332193022,27.2833068171904,26.193000866190065,False
189.42922185614202,26.694811858560335,27.496118756707812,False
238.63920725818687,24.76075166871806,32.23972402663888,True
278.79345125462555,19.46030097569353,22.92642720692159,True
175.0662390678498,27.126965358912464,23.356057998890083,False
166.66543633987447,18.576458601549483,18.07675602802856,True
145.3255082784805,26.161943113972406,27.123695829940818,False
223.41536935577886,19.802061322052992,22.260856695129004,True
202.00683894660642,21.693962836961244,27.7670665289122,True
182.55256793580605,28.344835717857272,29.5286414495337,False
198.32526458349324,28.30210149255679,18.889437713608814,False
177.13281211309732,30.89660988743259,18.857365157388788,False
160.46993614196307,29.194147123579935,25.569229536489225,False
243.91580460775447,32.77513468115364,19.584237695943674,False
191.00057472055803,32.13487266243197,18.06783145948678,False
244.41861092318715,26.682117487155885,22.738594372635053,True
273.7565075670166,32.63037922029867,21.113001246523577,True
265.5213941286883,28.378635421105955,21.401133463904788,True
156.343976294782,32.73673215356503,27.280694052242065,False
212.19946124227693,20.976107382204432,28.130209187106328,True
238.91312627071193,29.285109904727484,28.313083958026525,False
220.05764565433265,28.62897432159119,18.835075260063203,True
250.2495548642471,19.155264792570502,24.16406383978392,True
256.8561563439929,19.75779619801687,24.14403741953151,True
253.47163099491578,27.507474433401356,24.471977851573367,True
193.863781929884,30.29215109129071,23.585915823739914,False
197.3163517086377,30.915758673528096,21.71223162799712,False
228.7835291627718,27.465758050543144,21.48684554150647,True
199.2557946589104,19.62207980948597,20.51339503448149,True
252.94765391058644,30.014613292186805,24.732945668852395,True
172.2628489193799,30.592116893544848,21.521480738893842,False
207.93568760526165,26.51566563756935,23.77646466706715,False
258.535279975522,26.74094560218088,18.58241714284868,True
151.07950496071928,22.808611860409663,26.61757489788233,False
192.6587057545123,18.07962821288017,30.368992216591252,True
177.13369899295907,23.688771938760194,28.110273389197083,False
189.8911490337416,18.300206998502933,25.93167121612079,True
256.09542562444483,21.161812868510285,20.54448282883711,True
264.36270612495144,32.636243430262546,22.272887478243973,True
260.9229177427119,21.077625787387426,23.40033353045598,True
218.7533477408594,22.196589144038313,22.09440741599277,True
221.3940268575186,18.437168267293448,29.970625651055308,True
204.2232412305769,28.074838432518224,22.30188299589878,False
261.9369189636488,23.42324824976886,27.190575433518074,True
164.99756266595682,26.73844624438251,21.48335634380735,False
179.22036915049904,25.823101269464523,28.152655099589683,False
175.44159251984283,30.41350963591296,20.70146854813279,False
277.4595084495188,31.087731640826785,18.586784428724453,True
260.10551602584565,22.553872614425547,32.919451049025845,True
260.7527199297923,23.838363639003767,27.089119885623976,True
216.55852289710126,23.80379027212215,28.349620834621426,True
162.2462396147876,18.50372251332911,22.89879417461287,True
210.5520363946222,32.66146214616553,24.61393529344999,False
203.07976076522831,18.001766779460837,31.58293991469915,True
175.9645292609765,32.2266205554952,18.233215405714333,False
241.70103546311196,28.91421288946374,21.87826598895633,True
180.8537247874093,22.799427459854364,32.85239521593433,False
223.4571087097084,20.262835864565723,22.616027031846357,True
266.9958780552241,22.212706936156707,27.97478973817769,True
222.8765149334802,27.094694661486287,29.290482599889152,False
211.02314242675118,32.920580321885915,25.88486474095139,False
158.2160369112231,28.956065457293796,20.157190713173332,False
265.83363249238283,30.439861906431553,31.26780204347698,False
190.73324283153434,21.93922993863897,32.55446124288927,False
251.96377681194048,28.01259921817696,22.52750105155981,True
232.06363477374595,32.04631624885198,24.63331338746162,False
160.27158993308973,19.415544679116245,29.795288313550543,False
251.06448897675818,21.645415657034803,28.471995021436364,True
152.93115664875654,29.955386862138,18.735585778362857,False
255.54093352311332,23.705981117536304,19.477898411209647,True
156.20151968495992,23.641790882517487,26.327263497434213,False
259.33513973808624,26.728446745652914,30.0888587166969,True
242.83274579925126,26.002272384707943,28.64858632658077,True
277.0951163475845,26.918986760042134,18.400700946525067,True
235.1201712969319,29.039398632030654,20.556142153943025,True
259.1931572087077,26.107822031298568,27.862798689800684,True
257.50846221927014,30.814016282937498,26.053532646993887,False
229.9866936961127,25.991896936666173,26.493828747185802,True
193.53265147355043,23.279230347498896,32.181021416644114,False
175.9253196399311,31.944253557801364,25.839663092903635,False
260.0962472055555,30.13852184924228,32.40478765843659,False
161.53090105463326,30.08790742656584,32.64578758210213,False
210.35207093244048,20.171765829982128,18.08773487531009,True
180.17713252463244,26.043596564346736,22.944615489777462,False
278.0631888089996,21.470703413929186,25.903665175150923,True
251.69066710010668,27.34827477408027,28.14302694711044,True
239.05770900615386,24.114083885268347,28.68286971453711,True
157.12957700580804,23.999059216584573,31.519817652888513,False
216.78903349525717,20.841871698778995,22.90469983308795,True
192.63172808691473,19.42529571728096,23.011066652373906,True
237.95403200106418,31.14922487277036,24.778218514182708,False
208.10809811954763,28.297251527801738,32.8359845671039,False
230.77360536473506,29.20898632621811,22.09003347348889,False
143.16024898698566,20.80142916264079,22.502745303093803,False
151.57383311147515,18.416925859366042,27.035809130424546,False
162.2113686251507,23.500404080609048,31.45755704373939,False
197.23445216065014,18.257186754726426,28.22316390658876,True
255.1640561945569,21.395488887743788,19.267762093929463,True
251.6471999472227,25.670529425456436,19.183414806697247,True
174.60798568772523,24.952010389395063,26.370383339175202,False
260.6228370129237,21.667436984212806,27.87770712695909,True
166.051161338599,24.027974372742687,21.749813825706866,False
226.20240959627665,31.392225172553317,29.371538991281547,False
246.2386402982467,29.107771890753774,27.96189297873615,False
206.22525804034677,30.45645315035081,30.282196687200198,False
198.89744095452943,27.335223920333767,27.781102416934957,False
161.08755161105074,22.761330522485697,23.770548188952052,False
175.1309778425521,21.002355779987926,20.73357472975439,True
209.63364726381081,19.222248541294714,25.547138101676076,True
158.44542984778315,21.378678918061162,19.890757056833596,False
225.86663103935615,28.360077000390774,25.345073682882393,False
192.54108888681097,27.067410917052726,20.87890680966848,False
271.5985150316723,27.243485910931362,19.955345956122198,True
192.7446162108074,20.528333772219874,31.655467070013035,False
204.45432552343902,27.216053206108533,26.40603532428203,False
151.16629916763227,18.092553289184604,22.759417499769206,False
189.538023774297,24.0441800211762,31.589796220692712,False
187.33055776326478,19.656145735949345,22.843526936528985,True
154.34411181804916,30.728406918574315,21.17113645056781,False
241.94716750734818,30.92420483796122,23.904814445369325,False
234.67998356310648,23.192112757448157,25.470784013844458,True
244.81607072279604,25.676365856396203,27.795811043491497,True
275.9495132770154,31.06342435212034,20.08763557117788,True
201.9734863573562,25.78997153872157,25.24485955072793,False
259.26095931756356,22.816636638630477,24.220020279856406,True
189.76747936092664,25.604419748580277,23.01161931315978,False
270.23559216886554,27.779340813299335,22.519165667946993,True
201.34655460777998,20.460723615931684,20.66618144822595,True
227.19534103162368,23.761941294540623,20.885232115110956,True
174.58286046729557,20.798874945286137,18.618925451123587,True
163.63276284357195,23.110515670436676,29.15997516604139,False
244.01846382022762,24.67840778905824,21.306110893984375,True
220.01355154440438,30.58124790507427,21.830754365227538,False
260.5987235813396,28.58710035196836,20.330978460298375,True
156.9765404225218,25.53669696745309,27.482296306864498,False
195.7191436624709,21.37042787036413,25.175314173649678,True
177.002549253871,28.95556264787706,32.79458888983102,False
205.78748842970816,21.323874333092885,19.64618223749389,True
215.62593227980003,25.847023807860456,22.18275918540673,True
180.83980564998453,24.395359887459946,27.64290314104543,False
192.2771732845703,19.846824645459105,18.892819099078338,True
165.6007889591161,18.37160849914495,22.469635367612184,True
189.16998753751162,20.03669106915439,20.493019892132384,True
160.01766144298838,29.72307317458236,32.534283200993336,False
208.43915484307294,21.325099110754717,27.18633326850195,True
147.08700090976757,19.341694349582166,18.419652003524664,True
178.1836408833897,31.313646010734907,27.40097899381117,False
279.703046949442,23.94053294786277,19.954906744395807,True
180.37998125906103,23.845256350396788,25.61705036164124,False
242.08159173935724,30.58425296404597,18.796732013484803,True
214.3474026463681,29.71610445329738,29.388101205876143,False
251.57795219289974,28.860921412641613,19.899977352889245,True
202.49400217202214,20.926962363034004,27.61696602619112,True
251.37409023538888,25.006204981359748,24.798940660338356,True
181.60205992013312,32.01977802581143,30.41993966625069,False
257.48082408564204,26.25095152168113,29.602236466297057,True
271.77570585709793,23.224430414486875,31.182518637358452,True
265.90298103443484,20.86213402769628,18.647019823383083,True
228.65173877619753,21.551015645987828,18.262213039799693,True
258.1318364749345,20.111913795635065,21.7909177987794,True
170.33590658117828,29.815763500898967,19.78227717372695,False
201.41505479878515,32.560487300418544,32.624707123555574,False
189.6096946064428,27.50029487931183,29.368682955563386,False
276.7248445920296,28.68325398987311,21.448552949562927,True
236.48672479972555,28.52804364148902,20.25112227362167,True
223.5222250146429,18.941549605197064,18.559303171727482,True
214.20159513792098,26.74604340584299,28.568492869179927,False
252.67384924584712,28.91626595282753,29.144707794834257,False
277.4421335838,25.251517198631316,18.693511145978007,True
250.40923965648247,21.10550572960894,30.751061491552303,True
215.83780770927567,19.39687103517208,19.48516895085814,True
225.42459314010318,32.98018608194785,26.463954282209258,False
213.3786832789791,24.06900232195342,30.1811080920422,False
215.178363963579,21.592927424978896,23.048573650442332,True
151.34405201829227,26.337260586366646,19.53233577102997,False
170.75325239950476,20.080384652167737,32.521488987152225,False
157.3201409807988,20.899555181106344,21.823131492279067,False
217.60590962954143,31.60023157140251,32.073692753014015,False
235.2083893097976,19.724752821831384,27.57886662314593,True
213.84801620331035,18.734822682912846,20.320708659161212,True
253.25789627305136,24.5506541317099,25.130980618359047,True
232.20660301493788,19.098688259301095,32.08459922256162,True
262.64063114423334,26.87534765939943,24.56947142750466,True
226.78780708778083,23.437568724359185,31.60884048445562,True
201.90951561644187,21.34265088585329,18.751164586167395,True
153.7288684461866,24.509474651659595,23.780338112162582,False
143.1985194437199,19.011325819888768,23.20948520871321,False
210.3135191045299,20.83492331757905,26.552154045809132,True
180.67072145672083,26.827202720021457,19.431379134967635,False
141.16977413239414,29.545625839636486,27.400400181487388,False
165.61749560088734,28.40587784974178,23.51313583530166,False
152.7736260149505,23.353309014045312,28.667909449277403,False
218.80980744902502,30.03273908096959,30.904309622433182,False
199.1681536003799,20.994990406089922,29.9121817694568,True
252.17795686432066,24.839476780425514,22.380966308238435,True
232.5361762812995,32.54621773890509,30.7884522745332,False
217.6651521481877,21.13119401369765,22.62129275296875,True
154.11920074099638,21.613317473145816,28.564807325398924,False
165.20499443877722,31.454909926957875,26.803501310201128,False
226.59098762394441,32.64342989942219,23.147370479603936,False
174.55946356736098,22.855531337603708,19.371499517174204,True
167.18384943305693,32.657260451771904,27.776611539896862,False
243.9349711611564,28.948896143095986,30.781735981247266,False
171.6447993980929,32.99963101465238,24.38632921100889,False
267.917841825596,26.447262322738425,28.83190340354662,True
230.59686730177927,26.99579876521407,32.444487306496356,False
279.873326709435,20.051799484552724,19.239209601766994,True
228.9896960039575,29.59391533191964,19.088732758578253,True
201.704096012611,28.928824788857636,19.786945314047365,False
252.5228653161427,27.199273767508227,27.418791020018418,True
201.8347409003576,20.61127673443932,22.29944527302843,True
155.84385402307095,21.8840792369489,28.629166267173908,False
272.3686495201516,31.397261599729426,20.588493624976135,True
256.47778036840157,18.076073356939514,27.461844763467948,True
246.54799799739754,25.82114005778969,26.18027747943079,True
179.80336136175475,25.9769556354624,32.21801825017576,False
180.4484814500662,20.945020034883647,22.575576036970865,True
204.49594531417637,19.32260654881718,27.280182853937234,True
176.48938677110215,22.600483497884348,32.21772870431548,False
184.43191414905334,19.278449383693957,25.99112446046952,True
181.9977633664374,30.190104179172824,24.870158387753257,False
245.56213382890547,21.171000482128466,31.536679164290746,True
173.67718558464068,32.348943626670604,24.233669000786577,False
237.94641724692025,25.96577175285936,20.81345130541057,True
186.46580185110952,22.95950827373169,21.758265997170597,True
164.73823948983951,26.3034424149913,20.33759992631972,False
248.28884348659255,18.20732739484279,25.079985042605543,True
255.8845874741136,18.33389230972803,29.78926670541487,True
204.6744648947727,27.013331038417917,30.187947683123845,False
160.48193353250713,24.050923241326085,18.264223795507206,False
194.76215804683144,29.209071032334617,24.420536658922458,False
244.87499803531682,29.546118101825062,22.778664549709607,True
154.07497298627857,30.405202038309163,19.790531783732835,False
250.29145948136758,32.34120331627373,18.951836526371462,True
140.96261043146373,26.13917173917367,30.46954948290696,False
187.74810463550878,22.153274073802528,26.874709419382135,False
229.94568964929584,20.409672510069644,30.82320358223431,True
192.6698895416548,24.135597038611582,29.703482641234753,False
200.5440230576992,27.25018679548529,32.29727750564798,False
212.98670611017695,24.606732514503754,30.82701770441002,False
255.52959953226596,19.7175555609714,19.061468851315542,True
155.88288123527676,19.677290881833663,18.64109283296442,True
250.28348088743326,22.165978922585946,21.285549072681718,True
169.82191393609247,29.88780934637776,21.53292845586917,False
181.0090910275509,24.1942294990617,19.62129524937891,False
251.4476993733308,21.781679006657413,24.40430995095722,True
262.0790342903133,22.215927808180417,22.599756207130735,True
204.00608487613783,27.216546117894605,32.9628052417947,False
194.2942133984967,25.433730742164762,18.25224463094596,True
174.04865329808027,29.122401538827646,19.683288398982626,False
153.7617526267477,26.861078097885976,22.7332166203918,False
254.84326462952572,32.068467858745,24.861450281860982,False
219.30387176540862,29.272714369125996,25.86741896200339,False
222.44713808523824,27.43634093712845,30.33271714874204,False
146.26728205302138,32.713206114113895,27.79755243277063,False
170.6713875339699,31.944411249339772,32.35516073571293,False
235.18072164393064,30.56819721896583,18.063282921939756,True
247.66261170975054,18.243004784101156,24.48862510057568,True
226.85305534249778,25.30000313478522,32.14840351284873,False
204.85366013127083,30.403700301611657,23.01464381814685,False
223.98208161070107,24.04835176423581,21.884842562901248,True
265.6627970308358,31.977787568689223,18.97028327918159,True
265.98928890469915,32.84046468736626,18.42112541637436,True
142.89622027561825,20.13778194139608,31.043061817550594,False
159.43476506482565,28.250083129038142,32.51859474392542,False
198.63380066055515,21.32503902647879,29.041121064238773,True
243.44293883230677,21.738757592504264,23.358974824361027,True
263.7512478342984,29.31593867732023,31.156997439524623,False
217.1892277324522,22.19678201163038,26.51263562148094,True
160.47395115740315,18.927746377851697,28.825908442878124,False
191.5317295079733,20.82716351925729,30.9151550088614,False
229.45264970392577,27.069303390136596,22.39243377856558,True
245.62598005199152,22.332300147196417,24.5032456892092,True
205.17673845643958,28.253631377245128,30.911051382734932,False
170.57637241230177,29.820774216587083,21.44999599198345,False
267.788939926675,25.772693691203695,20.749405895708783,True
236.9527107369866,29.264901953407055,24.77147043252898,False
245.52932944406257,32.721014674157374,32.22108088583736,False
158.61138401488373,32.03142264766219,30.712496396951607,False
176.6921602732931,31.437709660938808,26.87429647095236,False
144.33326299504063,19.347395000675412,27.25818410201845,False
145.9568164059691,21.250661670812715,21.63752018364031,False
163.26443187113125,23.160041961427797,26.05736249920789,False
272.2998693922068,28.150809893454802,25.024999625061174,True
248.3942387012738,27.449725537304637,25.051347557944872,True
181.5929512128201,27.400483567454145,29.079426717981427,False
267.24518406542256,30.533284126563593,26.43158597053568,True
173.30189269655472,18.22874149504525,18.978154975910744,True
205.6982352238606,29.887877596024367,20.674624392611264,False
211.96528069300822,24.454640883698428,27.6347291300235,False
194.24144078709253,21.844957248701228,23.331766880271847,True
223.9571357350597,32.426548119833015,20.8549188644881,False
207.4908919946714,29.09547429769089,27.075419469305977,False
237.36442072194274,27.10636688773817,23.80297398651157,True
230.67868229499027,30.818261144132478,23.462515482428724,False
231.54086029694454,32.99964838614671,29.61152595496342,False
271.56765012609196,32.09670658833194,29.740307757510017,False
209.0613184073294,32.2880773750544,19.762827637960587,False
252.0612066667812,31.89760661120415,18.534674094773212,True
224.0493481625101,18.129070866447442,20.100514526060092,True
249.67881833653843,30.30280180801768,30.565675467516144,False
240.00184425152923,23.15986952472472,20.963099066616547,True
228.4909149392,20.27964450012876,20.970509961233713,True
275.494320036608,21.765864758177596,18.94667652898779,True
224.19098158562136,23.555118413434883,18.288473731041176,True
165.9831607183363,30.05165510161391,29.861123182746173,False
250.8913423730486,24.996048105413117,29.87854493357173,True
255.8011911044834,31.2789633857454,24.476707878278898,False
153.54482346845083,27.875447114405894,23.403061581497575,False
260.1523999218607,22.20039281677473,21.5684868779818,True
175.39273459249767,32.93938968979725,22.104030602194385,False
231.32544999538243,28.107062938672986,30.36254233511283,False
190.7252854903812,31.471462530303498,23.296469044544022,False
151.83495286471907,24.12217386771095,19.79444742472584,False
162.1944549317446,26.316185694800776,25.276800098957867,False
179.69932300024635,18.057570487287627,29.76766272018089,True
204.07242295521888,24.07762600112596,22.433261120893647,True
235.3634773080067,19.949535187775982,22.916466132233136,True
276.1760393698588,22.947936797955975,20.51205464243519,True
219.51587164751993,31.109479955448528,32.95950836686394,False
173.06267439064695,21.051635293779725,32.129875434623045,False
171.8151039312664,18.76989649132355,18.90116023127975,True
159.7270704059522,29.687941475160393,25.002713429742826,False
246.89800483495836,28.002021521796483,28.398246874286908,False
207.906568165825,27.342669523014997,20.01448186161671,False
209.248651568428,18.660495793288803,24.580576485293253,True
263.63581550476874,28.233709486310236,24.837354733998588,True
249.93561712556317,25.48581365332278,30.220612085527094,True
216.1721139569637,27.695250626977185,21.96887632504519,False
180.7095699108716,27.081006224304907,21.358810336030466,False
237.89534759609742,23.935867496736286,20.529438521028233,True
269.56545012517154,27.23670497221719,19.52898317739786,True
235.14218057279575,31.08328845681776,28.20674717389361,False
176.23609364788797,29.162232175079282,25.132322169901954,False
168.68739973226906,31.39478824678566,25.828961386265682,False
146.00547653902578,26.44740586981522,20.815425376321855,False
159.1399592622835,31.230897564548485,30.187350605236063,False
269.4441696300377,31.65405759711473,21.631026311140054,True
149.78294560209986,19.85557187388445,21.256866276849465,False
184.08513577845187,27.657950829555258,24.710564799937682,False
172.3756666352859,32.664315855905556,28.721222167239162,False
253.11805075645356,29.51420113468273,31.47521847508625,False
261.4311270236183,20.613174774503882,25.095433777242636,True
187.21989309751424,22.947365173114168,28.626477897458933,False
278.2466038960249,21.775131587765706,20.05103882683955,True
204.5900485872245,23.997774703892773,22.489564886078966,True
274.90590804019286,31.214965983394052,27.078790202773547,True
157.3299969254667,20.233180823844474,21.80131238550009,False
176.84402358571253,31.050061586801924,28.04651427038317,False
152.6534170902583,28.02057105070938,23.215193103167785,False
269.1424951372401,24.18190277888528,21.69860521689924,True
277.8782306135996,27.407051794420486,21.344182008106348,True
174.55933683298497,24.60002097096295,28.77111337835487,False
274.2193928147757,31.048007049620153,30.0955060269197,False
152.66073156737755,27.33731596653225,32.490979432357,False
179.5377722007864,26.79278571055866,26.184855577156345,False
181.94883164109143,23.73180844342886,25.480726061612707,False
223.26696789975603,22.53750337219681,22.09260338595724,True
169.26180966629732,24.68307562902713,28.45253505020055,False
256.6163878127078,20.15450301401061,23.22823762857739,True
144.02140300908192,32.077826009168206,19.544108831577052,False
242.6297830429998,29.770114845954865,29.178273188964592,False
141.3031349430341,18.843593152632746,32.028171936063174,False
214.5093113530936,31.05432128396552,31.564591544477544,False
263.9311101212777,28.524405713902976,30.559388781692547,True
147.50134226284052,20.962565111444594,32.095387765716474,False
237.85732721810103,27.28365487571976,31.676135502139168,False
256.1632496380076,32.56911074908874,27.68448721556202,False
224.82161092796437,22.98726601478982,23.485826421289623,True
257.8630361882332,30.128660218850086,18.981715147374995,True
262.2334215334772,32.08655331660367,29.100652455864775,False
176.30231112069558,22.68344879787576,30.32257519258306,False
187.25458950142124,30.353843707756067,31.179940196303622,False
193.76496138692133,25.54986636226525,25.321830225326973,False
148.8142628077484,28.7050444934075,18.758626540544736,False
161.61868142970775,21.79731455296153,30.174997384275773,False
152.05803470316252,28.4166021106842,23.32606675304755,False
214.18123510395236,22.000456695910756,25.89657591511336,True
210.3254587344478,21.486770327895307,22.867548388367307,True
244.99057737411493,18.604775212986755,27.045257316457693,True
176.0168013237495,32.705410203759286,27.022126707258693,False
207.97987637481646,23.26040905633029,32.55638268941845,False
174.76565133536496,24.69563246038539,31.69443815606387,False
165.19275466221978,29.934559970132334,28.27402360470687,False
153.24113256914595,18.158983839284154,29.180545501960694,False
201.69117477801217,26.78869609618033,28.705596811932324,False
196.68017108770096,32.896564395118766,20.278210223781976,False
202.5968455535345,30.295161801062132,27.631581529803377,False
265.2494198760248,32.084796602411565,22.16168312037442,True
230.82368532699704,19.86188293009153,29.164446150029285,True
205.73070269344873,32.975477820250894,24.8550396556291,False
177.54704915804186,23.95327458621621,22.615087602108293,False
201.85641775925478,22.230862361952134,22.698831601859457,True
274.84061558490646,29.96094925373837,27.548968989192026,True
141.73779056488434,25.84000521425158,19.68679630928058,False
171.41994138780046,18.154081403815226,29.063289319194524,False
213.48897360893383,25.93048837591451,28.967386838033512,False
148.59587346603902,19.818733884402892,23.05118257368504,False
164.96284077175093,24.682839853075723,27.587429456686337,False
232.41931942869877,31.072446870185644,32.475991443952545,False
208.40677916463778,26.974000222037546,20.333769766769265,True
260.41671619769966,28.905735628169836,28.914643328131476,True
174.1824437930167,27.505795202919188,27.8358262632209,False
160.65504519299373,31.18128176181637,23.585139463928126,False
272.0940533522954,26.193898127970236,23.63488094631344,True
194.51424181205886,31.758334374874053,20.89637032332661,False
192.2976989076928,27.31308848052895,19.684582194632192,False
222.46843324157803,29.310035002562234,32.96962349394784,False
227.07918780254164,32.60284295007719,25.857219869204435,False
232.71610793318416,20.79988180743525,31.836322472820207,True
269.1537952931383,28.636063993738993,32.37912920693826,False
209.44165433265346,31.991232141382635,29.104490487419298,False
254.6155669608226,31.31061343816603,28.745395380419396,False
165.94529008769678,21.338180809904905,30.92761803275329,False
182.27364428447265,32.70897320411586,25.72645130414816,False
177.71558442977982,24.07729734670245,31.508066483078554,False
169.53818950314923,20.33436277943401,27.004175373820672,False
217.78443807632868,19.168913576364943,18.27448871418577,True
162.94223657946208,28.155217838545898,31.9043863834368,False
163.9139931387799,31.995590011587176,31.374132310680174,False
192.49522897065395,18.32588111019036,26.337517966673484,True
276.93453946008094,27.248373468522157,18.564894355165258,True
232.5878875574972,30.74419454054171,20.04314451992658,False
235.67198339648172,18.385263478562823,23.84172069599932,True
153.80639129029885,27.413062792463723,23.64701583266585,False
186.36043017094974,23.393159124251994,21.00590527849547,True
216.1199511569552,30.712466829788156,22.144083931643557,False
154.08803171202914,30.652774847882228,18.151311548031547,False
153.70122861755138,29.9697415418782,20.155374215056828,False
219.0683792154623,25.810843483456804,19.215677562270162,True
189.8037656162883,26.12670657091155,30.7279508452527,False
245.13621903263788,23.857748620145838,29.79522452028246,True
150.89245212771579,27.577497236699564,27.829486757437458,False
219.58019710126342,20.674203851574195,19.911897327244233,True
278.2578560049915,21.89065538481374,21.23182797442741,True
157.27414292156425,19.059554969453977,27.627823720047168,False
275.4714903773141,26.014494247275636,19.240896809027017,True
255.78466393788563,23.774231092433553,22.629639074965212,True
274.7727591054387,19.00054223602663,19.159482999313383,True
200.40094855260148,31.660529858274632,22.804515519554037,False
251.06753366583376,29.73548800951591,23.5413550001296,True
215.8857956416373,18.846409786421066,31.828927028844564,True
217.19171554650725,27.952199244849478,31.294702001518896,False
274.207369738355,26.54479518884085,19.84570103038368,True
203.34394782937315,21.485699330217066,26.305657284010973,True
237.96310615630966,31.24412607273279,25.270889551039268,False
164.60553999273364,22.902541541914708,23.390032562608845,False
277.5851854670724,31.152561945911756,21.291553951935636,True
194.24102909594822,27.51185644348704,31.342858067873337,False
205.6962639306189,32.02258826141366,32.69907020903149,False
243.55580968016562,28.079599018245748,31.57945432820332,False
237.37859332811954,22.0214551934141,25.21323846476769,True
227.32769468209133,21.923396439721525,20.66713657307771,True
242.72290542848543,22.94713023535308,25.73363752883563,True
141.5981482535592,28.006446153859816,20.658813818199008,False
173.14629750007126,29.98550714737992,31.289215710614442,False
269.50288643571685,28.421421481492658,23.391839149124845,True
180.18451819204935,24.380412118220892,18.514445950051044,False
248.52271169820926,19.028099363217176,29.45846405600126,True
187.4076809768601,18.060619397582776,32.14931609255696,True
220.06834845061803,31.30574793895043,28.272626774512524,False
279.88372499117804,26.920194026511254,31.053610987520596,True
170.44126241954103,29.600173854548565,27.334589619810966,False
249.68486638259367,22.051879860484917,21.16188264785422,True
144.58640011241027,24.933055630388232,30.62871196848746,False
265.6916340560148,20.038195767457687,32.10424502757576,True
160.22326000045206,19.673615298547602,30.795344112811307,False
276.70942765507357,25.89628998045637,23.353838394095114,True
269.3614918782197,29.707405818955696,24.216130441155343,True
266.6735591584228,28.909298628526415,27.618967883111427,True
143.91815184798006,28.322683493291347,26.787510014971488,False
155.427583360778,26.820012080864984,18.89487672359444,False
184.68573676640435,30.428251734202846,28.63534613961137,False
204.21534582237496,26.754568374135797,23.620211204802715,False
154.52051726846048,32.5199823959358,22.35311760956101,False
218.28349112453103,29.739351717633824,24.028931236839355,False
161.41688170908805,29.55605461753721,31.79053269456631,False
200.05457561465659,19.459279745565393,29.717783872372372,True
274.00209336262293,27.159444542210288,27.0564037529083,True
157.51734292950357,26.428817113595464,27.896466622546534,False
263.4289479737305,30.75049797620182,27.13621301489706,False
180.2088234853972,29.81978527774093,30.3728704044469,False
201.5210604115953,18.40079879825972,31.32879386298768,True
189.67902248244687,28.207033674329068,31.976644346945285,False
217.18662733081106,27.991124859075583,32.15656361689631,False
194.09923008368315,19.365131771361984,20.035052763314475,True
259.4825821460609,32.19423257428884,23.648428371943734,False
149.84360449474474,19.890247395211013,31.616189611431302,False
179.6561066432186,22.927638091578913,28.773423849965177,False
206.78561630043464,22.16502863129835,19.462952562823403,True
269.4453142813618,20.898013881825847,18.756324911842274,True
196.9610299807792,31.893962522919274,30.246791199895924,False
248.93601003519075,20.006012123080907,22.6915153598839,True
189.03913592409302,31.199803232308383,31.53050728958589,False
222.00665789749783,30.614662313188735,24.052229169780496,False
212.85786647017017,18.07517437686919,22.008084395438473,True
147.11859101761067,19.506116325737032,19.01467774995355,False
209.18090695942794,21.160199778229092,24.65315977840366,True
231.2950274214591,31.87161995231715,18.73732940281617,False
179.32637156887276,31.707383956623907,23.721752639264686,False
179.413903951372,26.83039116804972,23.995885779147915,False
269.57017013317443,27.26613195532287,29.556534593252714,True
249.8977513843671,31.70503652082059,26.59576385170024,False
169.24152773303982,28.86243820882516,18.244230567591373,False
163.4521698781532,18.959785161986847,20.43190057688947,True
189.80228411490205,31.519467331245295,27.20491794552883,False
154.36691435722958,21.853083853075788,26.098232707985787,False
264.78640665523073,25.428708459450263,26.567265667285426,True
189.87644595553934,20.687028233281815,32.90086026019457,False
164.98871492454256,28.526974830090523,26.150222922279603,False
253.40347358649757,30.68933292370724,29.019023356968084,False
171.12236861657462,24.2220221297918,23.194395659581943,False
147.8564826249408,27.480847969875136,20.978382579972216,False
192.67942656422008,22.859162643486243,31.08233777437468,False
165.65279079864396,32.57000181524549,19.533443376670334,False
141.53358276073521,31.74584305507403,27.42009671098557,False
180.0367223750971,23.779275622116064,29.24515746545287,False
222.43629773260852,31.653020574084024,24.87828561378563,False
274.17229684729705,24.32063539527386,18.52565937187786,True
192.1612278242415,20.82780425289078,25.11399958800245,True
247.88310970546823,18.103843587033378,22.976156996551975,True
252.0537133012217,30.043248297201117,28.69949488420947,False
198.72737880736935,18.228532282741988,24.100754843140372,True
164.2499333732994,22.80225758152188,19.27351826116141,False
238.90230267257536,23.271165140565095,23.38298335409862,True
188.63117966271525,26.688601364236604,26.061059239814554,False
148.16563112110163,22.07388035164861,25.723701662720973,False
237.32065863782572,29.48832889575899,26.62517919094543,False
223.8827457203915,26.399786454811593,29.08832241785169,False
183.3367085938047,29.704688412931137,29.865373596952004,False
172.83895790243474,25.493115785761326,19.534593827805757,False
193.9100325451745,23.65573523317265,21.657713340901637,True
210.43360598871186,32.84754018711277,25.50079481047615,False
196.34977958926456,25.711940979450915,32.85499141265405,False
219.77749677364596,29.858306339410277,18.42092118431857,False
235.5328356360704,18.74424641474348,27.100018804473812,True
171.98512989654444,28.37462915078487,18.297446893666613,False
273.95359047406987,19.79824098329909,27.604903678225774,True
267.900910399808,24.507128906206752,26.065084152885284,True
269.05840101142337,26.731537921694823,19.471986054196947,True
141.40637352196796,27.771928312150727,23.457160354339127,False
236.37023328634456,22.02540450870311,26.601503045578255,True
201.6412163347198,29.463099555793733,28.235669692156684,False
256.3414495141904,24.66054365535292,32.14354131051504,True
195.05620050945143,21.73557610145564,19.96426958868479,True
199.99700346030156,26.93587214589858,25.082269593180282,False
150.77860515135276,19.67299494690867,23.788748918934143,False
157.93064126648505,27.406729873459195,21.12951796833869,False
265.06040292096344,28.889681810927428,26.517404253835515,True
182.14713293227697,29.128699651979236,26.15247275780536,False
274.4952018905874,24.555779148617656,22.28326731281507,True
166.3563510805165,18.112976145517536,23.656732477087868,True
176.6826679076453,27.09944477681976,20.64784074744575,False
140.807857392732,26.303696093290903,23.143670197643186,False
173.11731965891892,28.86342076345506,30.265936025542175,False
169.03424844566464,27.047023264713133,24.816731277767907,False
172.51684912131952,24.297480066445413,19.976120091032293,False
187.3218758065821,24.162659333163248,21.8425859733683,False
172.01328285597884,20.851153462124593,24.3815875544127,False
216.49504801095233,22.531064191614774,23.89118167799487,True
143.3107107893148,24.705467373461214,31.001556623727808,False
158.72031351491825,22.624635351181325,28.993393857960307,False
142.5777187303536,29.2888023985032,26.99928359035369,False
248.213795157249,21.24222021421521,32.555827046072025,True
233.82381481762224,18.29373943819373,21.135969477303313,True
161.16749883683747,22.293478084399123,21.881650398895914,False
202.36282042337712,21.634362336543557,27.213941273844775,True
193.18076083119064,32.02878738428875,32.64373150823812,False
214.57598758608844,23.260736697940498,27.181756889066545,True
171.79401295808796,29.08563579436654,21.953764913116473,False
211.22251065970516,18.631094298153695,23.64299015823891,True
147.75718969654162,19.240915032681503,31.160594170056562,False
196.20944512831488,22.405772061741803,28.333541801820296,False
246.787953631388,27.848977867443573,28.574013700510385,False
152.4289120977879,23.315756334604583,31.177179532673758,False
253.18693421463806,26.338319472194797,25.894994333803183,True
152.0865547620163,30.84002913527192,29.984165532972742,False
184.0599870886933,23.827869021253598,21.477553957364314,False
210.86779065936236,31.326561873930768,28.82958901339657,False
140.5793570077882,26.595173388531045,27.821054059928777,False
279.5266323068769,22.27548681119247,31.79265066180036,True
231.90904765013096,24.927030872053948,19.11452407721175,True
213.93431351237666,30.858527478696093,29.6281153618489,False
143.4096705836289,27.53096719669689,32.45619000096628,False
150.51556449873166,20.408789658178012,22.1024466669664,False
248.1566646174326,22.64002003410832,25.39820169163784,True
258.90142243304354,26.81617085021742,30.530212892466324,True
171.29980639149426,21.803724487686402,31.8774649118434,False
264.90651772586,27.108400609860382,32.10939581185085,True
152.4173061234957,18.07116346856168,23.12453024747061,False
164.69004431026525,24.706646742162597,21.644239096270987,False
226.3373118854767,19.47185021148615,25.975201303127783,True
203.6143654136054,29.20696791503903,32.743656422823506,False
153.07992018437008,32.23594510845651,31.69424281581037,False
227.42174801762297,32.28595094209814,32.99076977138909,False
224.3601178025641,20.407173354833933,23.98410683729877,True
195.4665723515053,22.996482504064442,29.122559796144515,False
195.10147897298515,23.48075973544305,25.200182945095086,False
264.19169249208255,21.626684611023723,25.527912216041194,True
275.5627594681283,29.70197841092105,27.60295948879931,True
239.3082408324388,20.561390203219553,27.388668702164978,True
199.2719021156765,32.904087956484446,20.66535775161598,False
185.02871147591094,19.40587356938323,23.468101420192095,True
194.94044775838984,30.06392641042542,19.08397968163899,False
212.59868006808622,25.757485747690072,32.0298229404864,False
228.41206998956022,20.574744509800684,20.643013483678462,True
211.82096374771604,25.967084477640263,24.84353105809704,False
171.5687720717717,29.51034730324072,21.594167429764834,False
230.05300309045845,18.24782015255085,21.48683100588938,True
161.60444323979524,32.7849816851248,18.891281990749427,False
258.6217514791627,26.46687452330574,24.352906127624635,True
230.1309198281406,30.729491439056346,28.018906516497445,False
218.12814294273414,23.09597785309701,22.53333730089168,True
273.107983643705,24.51586046745808,26.080873835403878,True
178.6424734995898,30.515457774286837,21.618871399023977,False
153.07572093469824,30.038316895271798,26.407372929345524,False
186.46005779805597,22.025988266349763,28.88561892085039,False
240.8421059422391,32.01771559567084,24.063433972216878,False
199.37228845403172,31.093310949901728,24.973720803844614,False
227.341207995704,25.913599797949942,25.258108084675907,True
143.9401341993083,25.73718762804623,20.871777889259057,False
272.73707182739724,30.090518242721686,24.85681666101181,True
169.948300900845,20.1802671682929,30.054676079216726,False
163.83273925810715,20.449453623243354,18.577567024425402,True
248.7780264433371,19.638869446068476,29.829866199674953,True
226.55925656974281,29.419124480532076,27.188129196031078,False
185.8168820784506,20.293827511507008,27.93727813006252,True
144.80358273945916,20.429707347149826,26.159639368839393,False
261.0402634092794,25.82290731920996,25.103584270041242,True
169.74285209073818,18.16846337363518,21.713413078204454,True
159.3944196586471,18.601717361994886,26.29277496239765,False
198.65913358454551,22.6191497936934,19.304322928797603,True
161.5423523921251,32.461064804094406,25.469982124152587,False
176.9790889867484,31.884463856874248,30.74696986551721,False
142.94517397086378,21.293663579176023,29.95272569868375,False
181.92878798671475,19.63127924857255,25.647633209194815,True
148.55439396973438,20.78103769653525,25.166762997939607,False
260.6679235495012,31.054481462135204,25.064476063039375,True
172.48504831105706,32.033361842871344,29.94670740139983,False
163.77755230468586,30.09392554224186,30.97977352420789,False
278.00975866523095,26.93281595033259,30.07501101637027,True
189.00670815678626,27.56570394084123,23.45638584553096,False
182.92086109655017,18.815784729000082,24.91097428878349,True
204.97613228157914,24.58329931860012,27.73845412011186,False
275.46961243984737,21.864169339120465,28.29196450267544,True
176.233182277639,24.237035696970782,23.145672962603008,False
249.88322673825695,26.63575275225367,32.962204426975084,False
172.18043956541476,19.95098784144548,21.18312292833958,True
216.11150448029463,31.980367728034203,24.59571179961586,False
176.02008487843912,32.50751444069087,21.103737141054,False
279.5741178000225,28.6410654823487,24.618828341187363,True
196.2985242047806,21.23864730225813,19.579466164847588,True
237.40324831446785,22.647329179405855,29.74680256598946,True
278.52454229189294,25.972965206938316,29.79014447228524,True
233.29668306433442,19.22467117673935,21.25152202427924,True
208.24522680055594,20.730752354362398,32.052192382073116,True
270.9976590103459,27.98370118205608,20.131022055228716,True
262.87003001331817,29.216300340004405,19.410874820505676,True
187.83647911056713,25.684937358221475,18.774453822883988,False
227.7134812938578,26.59824166102253,19.36203412728479,True
144.269245706624,30.54079739215821,22.226075694535893,False
168.69143880377123,20.79725752435497,28.204232030177597,False
152.20256645800666,18.94732037789529,26.010923500643543,False
161.98420879523465,30.3392371727802,29.293758352423907,False
243.88408137666252,29.44314471699444,22.118847411181243,True
161.63667569013157,19.107605123476873,19.568923497837467,True
170.26262523152988,28.528307028826468,32.06926477517433,False
142.8231117515001,21.471394390087294,21.306707734384904,False
231.83686746835565,18.482077282146587,25.648488519549595,True
238.38774330838942,26.144058919578818,25.49157853074911,True
246.19538476047822,24.51715959260108,30.760950314235384,True
167.46619204406915,21.23138719807909,18.341483240640482,True
170.03111542669643,30.244234146664027,23.637066869827486,False
277.26879394486025,31.2592658015244,23.514287620556676,True
191.00550712598744,29.24066424148188,24.703437451135105,False
196.60748383803642,28.431364081069532,26.935732426557564,False
191.49026852636143,26.534613907586138,29.466182755057787,False
206.64622641478024,25.856848243557312,31.836562341934332,False
270.0371846137741,28.84516467798742,19.805942820760396,True
174.21890196121245,25.661714142962225,21.204533536082383,False
218.35008762700022,18.043252122142935,23.74626515188546,True
255.31050030855022,30.602720063926057,21.274495500733376,True
170.3661360546789,18.70922001298015,31.084267952053,False
186.69423632635466,23.57527327238362,18.520187511816708,True
271.84279208623,19.78727828515101,26.61492511984656,True
204.7699532493809,27.62295045360129,21.233649138470017,False
202.92994306559206,30.23170100815208,19.07786074563761,False
264.69186789574655,21.747979991020625,25.200178034696812,True
185.35646371792836,27.919673073999434,24.015788224067443,False
